day	time	event	optional	audience	body	location	parking	transportation	directions	attire
'Monday, October 18	'11:00 AM – 3:00 PM	Beach Day	Yes	Friend Only Events	We’ll have tents up at Makapu’u Beach Park. Bring sunscreen, sun protection, beach towels, and anything else you might need to have fun. Rain permitting. Food is not easily accessed so we recommend bringing snacks and eating before. There is also amazing poke 10 min west in Hawaii Kai at HanaPa’a Market.	Makapu’u Beach Park, O’ahu	Parking should be easy on the weekday in the parking lot, otherwise people park along the curved road and walk down.			
'Monday, October 18	'4:00 PM – 6:00 PM	Sunset Surf	Yes	Friend Only Events	Depending on conditions, we’ll do a chill sunset surf in Waikiki. Still happening if drizzling. Beginner friendly and very unserious! Text Lucas if you have questions or need help (e.g., we’ll help people get surfboards). If you don’t want to surf, you can come and hang on the beach!	Will be decided closer to depending on conditions.	Will be shared once break is decided.			
'Wednesday, October 20	'5:00 PM – 11:00 PM	Welcome BBQ	Yes		Join us at our home in Kane’ohe for casual appetizers, dinner, drinks, and our favourite local dessert. Bring a swimsuit and towel if you plan to swim in pool/hot tub or risk it with the hammerheads.	Kauhale Beach Cove, 45-180 Mahalani Place, Kane’ohe, O’ahu, 96744	There will be plenty of street parking in the neighborhood. Avoid driving through the gates.	We recommend either driving with a designated driver, scheduling a taxi, or taking an Uber or Lyft.	After arriving, walk through the yellow gates down the hill and head to the clubhouse.	Island chic. For men, we suggest linen (white is okay!) or Hawaiian shirts and slippahs (flip flops). For women, we suggest sundresses and sandals (wedge or capped heels if you feel like it). Most of the area is grass or deck so you can also walk around barefoot.
'Friday, October 22	'3:30 – 4:00 PM	Arrival			Please arrive in this time window. Because it is a working plant nursery, guests are not permitted to arrive on the property before 3:30 on the dot.					
'Friday, October 22	'4:00 – 4:30 PM	Ceremony			Don’t make us laugh! We will all paddle out to rockpiles surf break, where we met. Just kidding. The entire event will take place at one venue set against the Ko’olau mountains.	The Plant Place, 41-821 Waikupanaha Street, Waimanalo, O’ahu, 96795	There is plenty of designated parking on-site.	Traffic can be very unpredictable and can take 40–60 minutes to get to the venue from Honolulu. We recommend monitoring traffic throughout the day. We also recommend taking a car with a designated driver (there will be parking), or scheduling a taxi or Uber in advance. We would highly suggest not waiting until the event to schedule an Uber as availability can sometimes be unpredictable. On the way back, there will be a shuttle option for guests staying in Waikiki.	After parking or being dropped off, walk down the gravel path. You’ll see a clear tent, it’ll be hard to miss.	Island formal. We suggest lightweight suits and dress shoes for men (ties optional) and dresses for women (whatever length is fine). Heels must have caps or be wedges due to the grass.
'Friday, October 22	'4:30 – 5:30 PM	Champagne Hour			There will be champagne and time to get settled in.					
'Friday, October 22	'5:30 – 7:00 PM	Reception			There will be a few speeches accompanied by plenty of drinks and fresh local appetizers, dinner, and desserts.					
'Friday, October 22	'7:00 – 10 PM	Afterparty			Open bar, music, and late night snacks. Because of local noise regulations, we have a hard stop at 10 PM.					
'Friday, October 22	'10 – 11 PM	Shuttle Transport	Yes		An optional shuttle will take guests back to Waikiki. We will message closer to the date to confirm if you would like to take the shuttle. You can also take a ride back with a designated driver or pre-schedule an Uber or Lyft if you don’t prefer the shuttle or are not staying in Waikiki.					
'Saturday, October 23	'4:30 PM – 7:00 PM	Sunset Sail	Yes	Friend Only Events	We will watch the sunset on the Na Hoku Waikiki Sunset Sail catamaran. Drinks are included. Children are allowed. Check-in is from 4:30–5, with a hard cutoff at 5.		We recommend Uber-ing to Waikiki if you’ll be drinking on the catamaran. If you’d like to drive, we recommend using paid parking or testing your luck for free street parking on Montsarrat (15 min walk).			
